{
	"info": {
		"_postman_id": "e3504f1c-f067-421f-8c15-168a538e5397",
		"name": "DEVSU",
		"schema": "https://schema.getpostman.com/json/collection/v2.1.0/collection.json",
		"_exporter_id": "7296165"
	},
	"item": [
		{
			"name": "Clients",
			"item": [
				{
					"name": "http://localhost:8080/cliente-persona/api/clients",
					"request": {
						"method": "GET",
						"header": [],
						"url": {
							"raw": "http://localhost:8080/cliente-persona/api/clients",
							"protocol": "http",
							"host": [
								"localhost"
							],
							"port": "8080",
							"path": [
								"cliente-persona",
								"api",
								"clients"
							]
						}
					},
					"response": []
				},
				{
					"name": "http://localhost:8080/cliente-persona/api/clients",
					"request": {
						"method": "POST",
						"header": [],
						"body": {
							"mode": "raw",
							"raw": "{\r\n    \"password\": \"Lima2023$\",\r\n    \"status\": true,\r\n    \"person\": {\r\n        \"name\": \"Marcos alexander\",\r\n        \"gender\": \"M\",\r\n        \"age\": 27,\r\n        \"identification\": \"72847214\",\r\n        \"address\": \"exp. urbana medio mundo\",\r\n        \"phone\": \"903084963\"\r\n    }\r\n}",
							"options": {
								"raw": {
									"language": "json"
								}
							}
						},
						"url": {
							"raw": "http://localhost:8080/cliente-persona/api/clients",
							"protocol": "http",
							"host": [
								"localhost"
							],
							"port": "8080",
							"path": [
								"cliente-persona",
								"api",
								"clients"
							]
						}
					},
					"response": []
				},
				{
					"name": "http://localhost:8080/cliente-persona/api/clients",
					"request": {
						"method": "PUT",
						"header": [],
						"body": {
							"mode": "raw",
							"raw": "{\r\n    \"clientId\": 8,\r\n    \"password\": \"Lima2023$editado\",\r\n    \"status\": true,\r\n    \"person\": {\r\n        \"id\": 4,\r\n        \"name\": \"Marcos alexander edita\",\r\n        \"gender\": \"M\",\r\n        \"age\": 27,\r\n        \"identification\": \"72847214\",\r\n        \"address\": \"exp. urbana medio mundo editado\",\r\n        \"phone\": \"903084963\"\r\n    }\r\n}",
							"options": {
								"raw": {
									"language": "json"
								}
							}
						},
						"url": {
							"raw": "http://localhost:8080/cliente-persona/api/clients",
							"protocol": "http",
							"host": [
								"localhost"
							],
							"port": "8080",
							"path": [
								"cliente-persona",
								"api",
								"clients"
							]
						}
					},
					"response": []
				},
				{
					"name": "http://localhost:8080/cliente-persona/api/clients/1",
					"request": {
						"method": "DELETE",
						"header": [],
						"url": {
							"raw": "http://localhost:8080/cliente-persona/api/clients/1",
							"protocol": "http",
							"host": [
								"localhost"
							],
							"port": "8080",
							"path": [
								"cliente-persona",
								"api",
								"clients",
								"1"
							]
						}
					},
					"response": []
				},
				{
					"name": "http://localhost:8080/cliente-persona/api/clients/8",
					"request": {
						"method": "GET",
						"header": [],
						"url": {
							"raw": "http://localhost:8080/cliente-persona/api/clients/1",
							"protocol": "http",
							"host": [
								"localhost"
							],
							"port": "8080",
							"path": [
								"cliente-persona",
								"api",
								"clients",
								"1"
							]
						}
					},
					"response": []
				}
			]
		},
		{
			"name": "cuentas",
			"item": [
				{
					"name": "http://localhost:8081/cuenta-movimientos/api/cuentas",
					"request": {
						"method": "GET",
						"header": [],
						"url": {
							"raw": "http://localhost:8081/cuenta-movimientos/api/cuentas",
							"protocol": "http",
							"host": [
								"localhost"
							],
							"port": "8081",
							"path": [
								"cuenta-movimientos",
								"api",
								"cuentas"
							]
						}
					},
					"response": []
				},
				{
					"name": "http://localhost:8081/cuenta-movimientos/api/cuentas",
					"request": {
						"method": "POST",
						"header": [],
						"body": {
							"mode": "raw",
							"raw": "{\r\n    \"accountNumber\": \"478758\",\r\n    \"accountType\": \"Corriente\",\r\n    \"initialBalance\": 5000.00,\r\n    \"status\": true,\r\n    \"clientId\": 1\r\n}",
							"options": {
								"raw": {
									"language": "json"
								}
							}
						},
						"url": {
							"raw": "http://localhost:8081/cuenta-movimientos/api/cuentas",
							"protocol": "http",
							"host": [
								"localhost"
							],
							"port": "8081",
							"path": [
								"cuenta-movimientos",
								"api",
								"cuentas"
							]
						}
					},
					"response": []
				},
				{
					"name": "http://localhost:8081/cuenta-movimientos/api/cuentas",
					"request": {
						"method": "PUT",
						"header": [],
						"body": {
							"mode": "raw",
							"raw": "{   \"accountId\" : 1,\r\n    \"accountNumber\": \"478758\",\r\n    \"accountType\": \"Ahorros\",\r\n    \"initialBalance\": 2100.00,\r\n    \"status\": true,\r\n    \"clientId\": 1\r\n}",
							"options": {
								"raw": {
									"language": "json"
								}
							}
						},
						"url": {
							"raw": "http://localhost:8081/cuenta-movimientos/api/cuentas",
							"protocol": "http",
							"host": [
								"localhost"
							],
							"port": "8081",
							"path": [
								"cuenta-movimientos",
								"api",
								"cuentas"
							]
						}
					},
					"response": []
				},
				{
					"name": "http://localhost:8081/cuenta-movimientos/api/cuentas/1",
					"request": {
						"method": "GET",
						"header": [],
						"url": {
							"raw": "http://localhost:8081/cuenta-movimientos/api/cuentas/1",
							"protocol": "http",
							"host": [
								"localhost"
							],
							"port": "8081",
							"path": [
								"cuenta-movimientos",
								"api",
								"cuentas",
								"1"
							]
						}
					},
					"response": []
				},
				{
					"name": "http://localhost:8081/cuenta-movimientos/api/cuentas/1",
					"request": {
						"method": "DELETE",
						"header": [],
						"url": {
							"raw": "http://localhost:8081/cuenta-movimientos/api/cuentas/1",
							"protocol": "http",
							"host": [
								"localhost"
							],
							"port": "8081",
							"path": [
								"cuenta-movimientos",
								"api",
								"cuentas",
								"1"
							]
						}
					},
					"response": []
				}
			]
		},
		{
			"name": "movimientos",
			"item": [
				{
					"name": "http://localhost:8081/cuenta-movimientos/api/movimientos",
					"request": {
						"method": "GET",
						"header": [],
						"url": {
							"raw": "http://localhost:8081/cuenta-movimientos/api/movimientos",
							"protocol": "http",
							"host": [
								"localhost"
							],
							"port": "8081",
							"path": [
								"cuenta-movimientos",
								"api",
								"movimientos"
							]
						}
					},
					"response": []
				},
				{
					"name": "http://localhost:8081/cuenta-movimientos/api/movimientos",
					"request": {
						"method": "POST",
						"header": [],
						"body": {
							"mode": "raw",
							"raw": "{\r\n    \"date\": \"2023-10-02T00:00:00\",\r\n    \"movementType\": \"Ahorros\",\r\n    \"value\": -50,\r\n    \"balance\": 2750.0,\r\n     \"account\" :{\r\n        \"accountId\": 1,\r\n        \"accountNumber\": \"478758\",\r\n        \"accountType\": \"Ahorros\",\r\n        \"initialBalance\": 2100.0,\r\n        \"status\": true,\r\n        \"clientId\": 1\r\n    },\r\n    \"status\": true\r\n}",
							"options": {
								"raw": {
									"language": "json"
								}
							}
						},
						"url": {
							"raw": "http://localhost:8081/cuenta-movimientos/api/movimientos",
							"protocol": "http",
							"host": [
								"localhost"
							],
							"port": "8081",
							"path": [
								"cuenta-movimientos",
								"api",
								"movimientos"
							]
						}
					},
					"response": []
				},
				{
					"name": "http://localhost:8081/cuenta-movimientos/api/movimientos/1",
					"request": {
						"method": "DELETE",
						"header": [],
						"url": {
							"raw": "http://localhost:8081/cuenta-movimientos/api/movimientos/30",
							"protocol": "http",
							"host": [
								"localhost"
							],
							"port": "8081",
							"path": [
								"cuenta-movimientos",
								"api",
								"movimientos",
								"30"
							]
						}
					},
					"response": []
				},
				{
					"name": "http://localhost:8081/cuenta-movimientos/api/movimientos/1",
					"request": {
						"method": "GET",
						"header": [],
						"url": {
							"raw": "http://localhost:8081/cuenta-movimientos/api/movimientos/30",
							"protocol": "http",
							"host": [
								"localhost"
							],
							"port": "8081",
							"path": [
								"cuenta-movimientos",
								"api",
								"movimientos",
								"30"
							]
						}
					},
					"response": []
				}
			]
		},
		{
			"name": "reports",
			"item": [
				{
					"name": "http://localhost:8081/cuenta-movimientos/api/reports",
					"request": {
						"method": "POST",
						"header": [],
						"body": {
							"mode": "raw",
							"raw": "{\r\n    \"startDate\": \"2023-11-01T00:00:00\",\r\n    \"endDate\": \"2023-11-03T00:00:00\",\r\n    \"clientId\": 1\r\n}",
							"options": {
								"raw": {
									"language": "json"
								}
							}
						},
						"url": {
							"raw": "http://localhost:8081/cuenta-movimientos/api/reports",
							"protocol": "http",
							"host": [
								"localhost"
							],
							"port": "8081",
							"path": [
								"cuenta-movimientos",
								"api",
								"reports"
							]
						}
					},
					"response": []
				}
			]
		}
	]
}